matchId,userId,gameCreation,gameDuration,gameEndTimestamp,gameMode,gameName,gameStartTimestamp,gameType,gameVersion
SG2_119210134,5,1765629826627,1789,1765631703734,CLASSIC,teambuilder-match-119210134,1765629914127,MATCHED_GAME,15.24.732.64
SG2_119813147,5,1765805526310,1970,1765807527622,CLASSIC,teambuilder-match-119813147,1765805557689,MATCHED_GAME,15.24.732.64
SG2_120271921,5,1765958302246,1196,1765959583383,CLASSIC,teambuilder-match-120271921,1765958386975,MATCHED_GAME,15.24.733.5841
SG2_120289458,5,1765962477553,2229,1765964783768,CLASSIC,teambuilder-match-120289458,1765962554477,MATCHED_GAME,15.24.733.5841
SG2_120306721,5,1765967943482,1251,1765969278476,CLASSIC,teambuilder-match-120306721,1765968026884,MATCHED_GAME,15.24.733.5841
SG2_123506164,5,1766980708966,2500,1766983298693,CLASSIC,teambuilder-match-123506164,1766980798853,MATCHED_GAME,15.24.734.7485
SG2_123861798,5,1767091212661,1705,1767093014186,CLASSIC,teambuilder-match-123861798,1767091308810,MATCHED_GAME,15.24.734.7485
SG2_124092803,5,1767165764607,2601,1767168393624,CLASSIC,teambuilder-match-124092803,1767165792379,MATCHED_GAME,15.24.734.7485
SG2_124107452,5,1767168972900,1933,1767170935737,CLASSIC,teambuilder-match-124107452,1767169002766,MATCHED_GAME,15.24.734.7485
SG2_124113905,5,1767171342491,1983,1767173359325,CLASSIC,teambuilder-match-124113905,1767171376365,MATCHED_GAME,15.24.734.7485
SG2_129055100,21,1768804989785,1685,1768806702565,CLASSIC,teambuilder-match-129055100,1768805017199,MATCHED_GAME,16.1.737.4870
SG2_129059675,21,1768807060795,1532,1768808607668,CLASSIC,teambuilder-match-129059675,1768807075761,MATCHED_GAME,16.1.737.4870
SG2_129606571,21,1769000022335,1884,1769001935796,CLASSIC,teambuilder-match-129606571,1769000052051,MATCHED_GAME,16.1.737.4870
SG2_129620394,21,1769002274516,1546,1769003846762,CLASSIC,teambuilder-match-129620394,1769002305936,MATCHED_GAME,16.1.737.4870
SG2_129631976,21,1769004676177,1482,1769006219098,CLASSIC,teambuilder-match-129631976,1769004737443,MATCHED_GAME,16.1.737.4870
SG2_130268334,5,1769240418925,2013,1769242512309,CLASSIC,teambuilder-match-130268334,1769240498795,MATCHED_GAME,16.2.740.1491
SG2_130277783,5,1769242913889,1465,1769244518783,CLASSIC,teambuilder-match-130277783,1769243053686,MATCHED_GAME,16.2.740.1491
SG2_130286508,5,1769244838792,1632,1769246499523,CLASSIC,teambuilder-match-130286508,1769244867893,MATCHED_GAME,16.2.740.1491
SG2_130292525,5,1769246806164,1555,1769248384894,CLASSIC,teambuilder-match-130292525,1769246829974,MATCHED_GAME,16.2.740.1491
SG2_130526797,21,1769325857995,1527,1769327430357,CLASSIC,teambuilder-match-130526797,1769325903433,MATCHED_GAME,16.2.740.1491
SG2_130910891,7,1769448480547,981,1769449578775,CLASSIC,teambuilder-match-130910891,1769448598046,MATCHED_GAME,16.2.740.1491
SG2_131486285,21,1769683515670,1692,1769685234301,CLASSIC,teambuilder-match-131486285,1769683542399,MATCHED_GAME,16.2.741.3171
SG2_131648968,21,1769748734515,1899,1769750877760,CLASSIC,teambuilder-match-131648968,1769748978873,MATCHED_GAME,16.2.741.3171
SG2_132003532,5,1769869089872,1890,1769871012475,CLASSIC,teambuilder-match-132003532,1769869122685,MATCHED_GAME,16.2.741.3171
SG2_132104979,5,1769911691366,2311,1769914035055,CLASSIC,teambuilder-match-132104979,1769911724225,MATCHED_GAME,16.2.741.3171
SG2_132119526,5,1769918602047,1650,1769920285046,CLASSIC,teambuilder-match-132119526,1769918635058,MATCHED_GAME,16.2.741.3171
SG2_132140909,5,1769926669445,93,1769926845432,CLASSIC,teambuilder-match-132140909,1769926752593,MATCHED_GAME,16.2.741.3171
SG2_132145108,5,1769927091129,1812,1769928931181,CLASSIC,teambuilder-match-132145108,1769927118789,MATCHED_GAME,16.2.741.3171
SG2_132153006,5,1769929308807,1464,1769930791814,CLASSIC,teambuilder-match-132153006,1769929327578,MATCHED_GAME,16.2.741.3171
SG2_132157611,5,1769931101493,1484,1769932612156,CLASSIC,teambuilder-match-132157611,1769931128191,MATCHED_GAME,16.2.741.3171
SG2_132254987,19,1769956123185,1468,1769957670248,CLASSIC,teambuilder-match-132254987,1769956202276,MATCHED_GAME,16.2.741.3171
SG2_132268889,5,1769958584916,1331,1769959946185,CLASSIC,teambuilder-match-132268889,1769958615058,MATCHED_GAME,16.2.741.3171
SG2_132977251,19,1770250595822,2425,1770253045567,CLASSIC,teambuilder-match-132977251,1770250620347,MATCHED_GAME,16.3.742.6169
SG2_132985178,19,1770257112689,2230,1770259412532,CLASSIC,teambuilder-match-132985178,1770257182556,MATCHED_GAME,16.3.742.6169
SG2_133435389,19,1770427903809,2020,1770429949232,CLASSIC,teambuilder-match-133435389,1770427929192,MATCHED_GAME,16.3.744.7656
SG2_133716995,19,1770530446381,1610,1770532084494,CLASSIC,teambuilder-match-133716995,1770530474494,MATCHED_GAME,16.3.744.7656
SG2_133964245,19,1770621726883,1394,1770623191755,CLASSIC,teambuilder-match-133964245,1770621797135,MATCHED_GAME,16.3.744.7656
SG2_134263492,21,1770734261498,2152,1770736435237,CLASSIC,teambuilder-match-134263492,1770734283248,MATCHED_GAME,16.3.744.7656
SG2_134279130,21,1770737046251,1506,1770738634620,CLASSIC,teambuilder-match-134279130,1770737128663,MATCHED_GAME,16.3.744.7656
SG2_134705841,6,1770912120464,1516,1770913667583,CLASSIC,teambuilder-match-134705841,1770912151449,MATCHED_GAME,16.3.745.7600
SG2_136170473,22,1771511787710,2427,1771514287201,CLASSIC,teambuilder-match-136170473,1771511860010,MATCHED_GAME,16.4.746.5697
SG2_136246359,19,1771549405595,2267,1771551774237,CLASSIC,teambuilder-match-136246359,1771549507119,MATCHED_GAME,16.4.746.5697
SG2_136562882,19,1771677403948,1618,1771679052198,CLASSIC,teambuilder-match-136562882,1771677434437,MATCHED_GAME,16.4.748.682
SG2_136578836,19,1771681324742,1615,1771683019248,CLASSIC,teambuilder-match-136578836,1771681404142,MATCHED_GAME,16.4.748.682
SG2_136691860,19,1771729870618,852,1771730742214,CLASSIC,teambuilder-match-136691860,1771729889966,MATCHED_GAME,16.4.748.682
SG2_136722848,19,1771742282364,1676,1771744036003,CLASSIC,teambuilder-match-136722848,1771742359895,MATCHED_GAME,16.4.748.682
SG2_136729938,19,1771744607585,1813,1771746454854,CLASSIC,teambuilder-match-136729938,1771744641900,MATCHED_GAME,16.4.748.682
SG2_136737846,19,1771746764562,2000,1771748853802,CLASSIC,teambuilder-match-136737846,1771746853665,MATCHED_GAME,16.4.748.682
SG2_137313408,19,1771989271871,2195,1771991498618,CLASSIC,teambuilder-match-137313408,1771989303720,MATCHED_GAME,16.4.748.682
SG2_137327189,19,1771995504232,1899,1771997487795,CLASSIC,teambuilder-match-137327189,1771995593102,MATCHED_GAME,16.4.748.682
SG2_137759869,19,1772185913200,2347,1772188366409,CLASSIC,teambuilder-match-137759869,1772186023573,MATCHED_GAME,16.4.748.682
SG2_137971628,4,1772273211548,1117,1772274417336,CLASSIC,teambuilder-match-137971628,1772273300219,MATCHED_GAME,16.4.748.682
SG2_138167779,4,1772353192510,2084,1772355342354,CLASSIC,teambuilder-match-138167779,1772353258245,MATCHED_GAME,16.4.748.682
SG2_138174828,4,1772355582489,1612,1772357285301,CLASSIC,teambuilder-match-138174828,1772355673382,MATCHED_GAME,16.4.748.682
SG2_138232910,4,1772372721844,1694,1772374464008,CLASSIC,teambuilder-match-138232910,1772372769503,MATCHED_GAME,16.4.748.682
SG2_138286271,24,1772385689823,1887,1772387674636,CLASSIC,teambuilder-match-138286271,1772385788026,MATCHED_GAME,16.4.748.682
SG2_138293673,24,1772389195942,2004,1772391299826,CLASSIC,teambuilder-match-138293673,1772389296109,MATCHED_GAME,16.4.748.682
SG2_138301496,24,1772393509571,2921,1772396512622,CLASSIC,teambuilder-match-138301496,1772393591513,MATCHED_GAME,16.4.748.682
SG2_138315513,19,1772410772978,1681,1772412470825,CLASSIC,teambuilder-match-138315513,1772410790146,MATCHED_GAME,16.4.748.682
SG2_138379780,19,1772446255547,1912,1772448235981,CLASSIC,teambuilder-match-138379780,1772446323494,MATCHED_GAME,16.4.748.682
SG2_138427146,4,1772460352299,1713,1772462155128,CLASSIC,teambuilder-match-138427146,1772460442138,MATCHED_GAME,16.4.748.682
SG2_138437139,4,1772462658210,2018,1772464746760,CLASSIC,teambuilder-match-138437139,1772462728652,MATCHED_GAME,16.4.748.682
SG2_138477569,7,1772474200707,2254,1772476536663,CLASSIC,teambuilder-match-138477569,1772474282089,MATCHED_GAME,16.4.748.682
SG2_138486526,7,1772478004869,2064,1772480216150,CLASSIC,teambuilder-match-138486526,1772478151981,MATCHED_GAME,16.4.748.682
SG2_138515918,19,1772508278354,1574,1772509874981,CLASSIC,teambuilder-match-138515918,1772508300700,MATCHED_GAME,16.4.748.682
SG2_138721961,4,1772604189599,1779,1772606143715,CLASSIC,teambuilder-match-138721961,1772604364639,MATCHED_GAME,16.5.749.6037
SG2_138722050,19,1772603939722,2166,1772606227738,CLASSIC,teambuilder-match-138722050,1772604061930,MATCHED_GAME,16.5.749.6037
SG2_138732110,24,1772608068526,1367,1772609614783,CLASSIC,teambuilder-match-138732110,1772608248124,MATCHED_GAME,16.5.749.6037
SG2_138832615,14,1772641179355,1417,1772642733421,CLASSIC,teambuilder-match-138832615,1772641315829,MATCHED_GAME,16.5.749.6037
SG2_138843151,14,1772644114900,1171,1772645311955,CLASSIC,teambuilder-match-138843151,1772644140408,MATCHED_GAME,16.5.749.6037
SG2_138851045,14,1772647011630,1733,1772648764101,CLASSIC,teambuilder-match-138851045,1772647031078,MATCHED_GAME,16.5.749.6037
SG2_138878959,19,1772675868836,2028,1772677917394,CLASSIC,teambuilder-match-138878959,1772675889068,MATCHED_GAME,16.5.751.1533
SG2_138893585,21,1772685063945,1372,1772686460709,CLASSIC,teambuilder-match-138893585,1772685088121,MATCHED_GAME,16.5.751.1533
SG2_138898268,21,1772686747087,1717,1772688588278,CLASSIC,teambuilder-match-138898268,1772686870723,MATCHED_GAME,16.5.751.1533
SG2_138899928,19,1772689058868,1951,1772691103250,CLASSIC,teambuilder-match-138899928,1772689152472,MATCHED_GAME,16.5.751.1533
SG2_138900793,21,1772688795027,1598,1772690482856,CLASSIC,teambuilder-match-138900793,1772688884631,MATCHED_GAME,16.5.751.1533
SG2_138912706,24,1772694176643,1617,1772695823475,CLASSIC,teambuilder-match-138912706,1772694206632,MATCHED_GAME,16.5.751.1533
SG2_138960272,21,1772712106075,1593,1772713811203,CLASSIC,teambuilder-match-138960272,1772712217862,MATCHED_GAME,16.5.751.1533
SG2_138964383,7,1772713536349,2206,1772715770903,CLASSIC,teambuilder-match-138964383,1772713564427,MATCHED_GAME,16.5.751.1533
SG2_138974049,7,1772716022290,1882,1772718021217,CLASSIC,teambuilder-match-138974049,1772716139300,MATCHED_GAME,16.5.751.1533
SG2_139037504,14,1772732285543,2011,1772734335957,CLASSIC,teambuilder-match-139037504,1772732324472,MATCHED_GAME,16.5.751.1533
SG2_139129317,19,1772789253926,1959,1772791273476,CLASSIC,teambuilder-match-139129317,1772789314109,MATCHED_GAME,16.5.751.1533
SG2_139190722,22,1772808282358,1957,1772810301453,CLASSIC,teambuilder-match-139190722,1772808344675,MATCHED_GAME,16.5.751.1533
SG2_139200823,4,1772810455764,1935,1772812578642,CLASSIC,teambuilder-match-139200823,1772810643363,MATCHED_GAME,16.5.751.1533
SG2_139213194,4,1772812892748,1982,1772814923470,CLASSIC,teambuilder-match-139213194,1772812941160,MATCHED_GAME,16.5.751.1533
SG2_139223126,4,1772815171872,1861,1772817111324,CLASSIC,teambuilder-match-139223126,1772815250162,MATCHED_GAME,16.5.751.1533
SG2_139233086,4,1772817624348,927,1772818589590,CLASSIC,teambuilder-match-139233086,1772817662457,MATCHED_GAME,16.5.751.1533
SG2_139237101,4,1772818826159,1628,1772820532694,CLASSIC,teambuilder-match-139237101,1772818904969,MATCHED_GAME,16.5.751.1533
SG2_139240806,4,1772820797424,1485,1772822330220,CLASSIC,teambuilder-match-139240806,1772820844714,MATCHED_GAME,16.5.751.1533
SG2_139246308,4,1772822670384,1553,1772824292874,CLASSIC,teambuilder-match-139246308,1772822739414,MATCHED_GAME,16.5.751.1533
SG2_139249893,4,1772824965757,1955,1772826960091,CLASSIC,teambuilder-match-139249893,1772825005202,MATCHED_GAME,16.5.751.1533
SG2_139253789,4,1772827205125,1832,1772829108590,CLASSIC,teambuilder-match-139253789,1772827276725,MATCHED_GAME,16.5.751.1533
SG2_139258372,7,1772830398216,1997,1772832441867,CLASSIC,teambuilder-match-139258372,1772830445209,MATCHED_GAME,16.5.751.1533
SG2_139271734,14,1772847355424,2072,1772849450436,CLASSIC,teambuilder-match-139271734,1772847378524,MATCHED_GAME,16.5.751.1533
SG2_139301208,3,1772861825391,1716,1772863565882,CLASSIC,teambuilder-match-139301208,1772861850004,MATCHED_GAME,16.5.751.1533
SG2_139398841,24,1772893243615,1675,1772895016414,CLASSIC,teambuilder-match-139398841,1772893340797,MATCHED_GAME,16.5.751.1533
SG2_139428914,24,1772899768018,2309,1772902223650,CLASSIC,teambuilder-match-139428914,1772899914095,MATCHED_GAME,16.5.751.1533
SG2_139446784,24,1772904018645,3121,1772907236629,CLASSIC,teambuilder-match-139446784,1772904115596,MATCHED_GAME,16.5.751.1533
SG2_139533157,3,1772953042303,2125,1772955223842,CLASSIC,teambuilder-match-139533157,1772953099077,MATCHED_GAME,16.5.751.1533
SG2_139534498,4,1772953529188,2266,1772955923125,CLASSIC,teambuilder-match-139534498,1772953657386,MATCHED_GAME,16.5.751.1533
SG2_139583220,22,1772967995607,1983,1772970050731,CLASSIC,teambuilder-match-139583220,1772968067220,MATCHED_GAME,16.5.751.1533
SG2_139607253,22,1772975082220,2462,1772977582311,CLASSIC,teambuilder-match-139607253,1772975120077,MATCHED_GAME,16.5.751.1533
SG2_139650154,24,1772984723478,1789,1772986617255,CLASSIC,teambuilder-match-139650154,1772984828130,MATCHED_GAME,16.5.751.1533
SG2_139664856,24,1772989154720,1861,1772991119040,CLASSIC,teambuilder-match-139664856,1772989257918,MATCHED_GAME,16.5.751.1533
SG2_139668605,14,1772990121661,1656,1772991798424,CLASSIC,teambuilder-match-139668605,1772990142377,MATCHED_GAME,16.5.751.1533
SG2_139680112,24,1772994005986,2243,1772996401689,CLASSIC,teambuilder-match-139680112,1772994158927,MATCHED_GAME,16.5.751.1533
SG2_139800187,23,1773062043248,2472,1773064616870,CLASSIC,teambuilder-match-139800187,1773062145127,MATCHED_GAME,16.5.751.1533
SG2_139822066,23,1773067173850,919,1773068187569,CLASSIC,teambuilder-match-139822066,1773067268912,MATCHED_GAME,16.5.751.1533
SG2_139840333,7,1773071426779,2396,1773073853871,CLASSIC,teambuilder-match-139840333,1773071457694,MATCHED_GAME,16.5.751.1533
SG2_139851287,7,1773074349106,1772,1773076140466,CLASSIC,teambuilder-match-139851287,1773074367934,MATCHED_GAME,16.5.751.1533
SG2_139987168,23,1773146406645,2003,1773148504879,CLASSIC,teambuilder-match-139987168,1773146501953,MATCHED_GAME,16.5.751.9084
SG2_140032618,22,1773156867492,1662,1773158636384,CLASSIC,teambuilder-match-140032618,1773156974038,MATCHED_GAME,16.5.751.9084
SG2_140035655,23,1773157774414,1352,1773159186527,CLASSIC,teambuilder-match-140035655,1773157834036,MATCHED_GAME,16.5.751.9084
SG2_140036305,7,1773157489773,1937,1773159511223,CLASSIC,teambuilder-match-140036305,1773157574316,MATCHED_GAME,16.5.751.9084
SG2_140039877,22,1773158988702,106,1773159128417,CLASSIC,teambuilder-match-140039877,1773159022257,MATCHED_GAME,16.5.751.9084
SG2_140042785,7,1773159855197,1895,1773161776560,CLASSIC,teambuilder-match-140042785,1773159881542,MATCHED_GAME,16.5.751.9084
SG2_140109218,7,1773201283399,1953,1773203327484,CLASSIC,teambuilder-match-140109218,1773201374483,MATCHED_GAME,16.5.751.9084
SG2_140159939,22,1773223383052,2324,1773225831733,CLASSIC,teambuilder-match-140159939,1773223507559,MATCHED_GAME,16.5.751.9084
SG2_140173549,23,1773228737698,2036,1773230834636,CLASSIC,teambuilder-match-140173549,1773228798063,MATCHED_GAME,16.5.751.9084
SG2_140185064,23,1773232024908,1563,1773233656367,CLASSIC,teambuilder-match-140185064,1773232093705,MATCHED_GAME,16.5.751.9084
SG2_140202336,3,1773236701733,1446,1773238185410,CLASSIC,teambuilder-match-140202336,1773236738830,MATCHED_GAME,16.5.751.9084
SG2_140212832,24,1773239101357,2433,1773241618692,CLASSIC,teambuilder-match-140212832,1773239185937,MATCHED_GAME,16.5.751.9084
SG2_140229315,22,1773242803139,1505,1773244411839,CLASSIC,teambuilder-match-140229315,1773242907076,MATCHED_GAME,16.5.751.9084
SG2_140234017,24,1773243662433,3245,1773247076652,CLASSIC,teambuilder-match-140234017,1773243831193,MATCHED_GAME,16.5.751.9084
SG2_140240171,22,1773244932093,1630,1773246598869,CLASSIC,teambuilder-match-140240171,1773244968919,MATCHED_GAME,16.5.751.9084
SG2_140249560,24,1773248478899,2845,1773251435125,CLASSIC,teambuilder-match-140249560,1773248590468,MATCHED_GAME,16.5.751.9084
SG2_140277626,14,1773266172106,1836,1773268040898,CLASSIC,teambuilder-match-140277626,1773266205202,MATCHED_GAME,16.5.751.9084
SG2_140295717,19,1773283999939,2739,1773286804388,CLASSIC,teambuilder-match-140295717,1773284065672,MATCHED_GAME,16.5.752.7101
SG2_140296369,19,1773283472177,76,1773283627741,CLASSIC,teambuilder-match-140296369,1773283551612,MATCHED_GAME,16.5.752.7101
SG2_140386059,3,1773321074434,1564,1773322723900,CLASSIC,teambuilder-match-140386059,1773321159943,MATCHED_GAME,16.5.752.7101
SG2_140460532,18,1773343843416,1727,1773345668612,CLASSIC,teambuilder-match-140460532,1773343941884,MATCHED_GAME,16.5.752.7101
SG2_140505258,14,1773381626494,1216,1773382881335,CLASSIC,teambuilder-match-140505258,1773381665322,MATCHED_GAME,16.5.752.7101
SG2_140515177,14,1773385133857,2045,1773387229595,CLASSIC,teambuilder-match-140515177,1773385184046,MATCHED_GAME,16.5.752.7101
SG2_140542258,14,1773396444039,1679,1773398213790,CLASSIC,teambuilder-match-140542258,1773396534262,MATCHED_GAME,16.5.752.7101
SG2_140578419,23,1773408773465,1904,1773410767039,CLASSIC,teambuilder-match-140578419,1773408862564,MATCHED_GAME,16.5.752.7101
SG2_140602705,22,1773414628576,1964,1773416688040,CLASSIC,teambuilder-match-140602705,1773414723622,MATCHED_GAME,16.5.752.7101
SG2_140611501,23,1773416395440,1318,1773417877736,CLASSIC,teambuilder-match-140611501,1773416559323,MATCHED_GAME,16.5.752.7101
SG2_140624585,18,1773419789937,2680,1773422548438,CLASSIC,teambuilder-match-140624585,1773419868363,MATCHED_GAME,16.5.752.7101
SG2_140629458,23,1773421139773,2542,1773423789206,CLASSIC,teambuilder-match-140629458,1773421247965,MATCHED_GAME,16.5.752.7101
SG2_140707244,4,1773469300356,1478,1773470923490,CLASSIC,teambuilder-match-140707244,1773469445493,MATCHED_GAME,16.5.752.7101
SG2_140707407,6,1773469552934,1492,1773471127080,CLASSIC,teambuilder-match-140707407,1773469635200,MATCHED_GAME,16.5.752.7101
SG2_140710949,4,1773471300510,1742,1773473087782,CLASSIC,teambuilder-match-140710949,1773471345885,MATCHED_GAME,16.5.752.7101
SG2_140771007,23,1773491520911,1575,1773493183108,CLASSIC,teambuilder-match-140771007,1773491608558,MATCHED_GAME,16.5.752.7101
SG2_140771308,18,1773491861097,1863,1773493883178,CLASSIC,teambuilder-match-140771308,1773492020118,MATCHED_GAME,16.5.752.7101
SG2_140777957,18,1773494310828,1931,1773496406285,CLASSIC,teambuilder-match-140777957,1773494475697,MATCHED_GAME,16.5.752.7101
SG2_140788783,18,1773496705219,1794,1773498609507,CLASSIC,teambuilder-match-140788783,1773496815487,MATCHED_GAME,16.5.752.7101
SG2_140793298,23,1773497612432,1881,1773499606561,CLASSIC,teambuilder-match-140793298,1773497725043,MATCHED_GAME,16.5.752.7101
SG2_140801064,18,1773499258716,1976,1773501328869,CLASSIC,teambuilder-match-140801064,1773499352926,MATCHED_GAME,16.5.752.7101
SG2_140823232,23,1773504136997,1744,1773506125052,CLASSIC,teambuilder-match-140823232,1773504380527,MATCHED_GAME,16.5.752.7101
SG2_140895204,7,1773547524776,1512,1773549186948,CLASSIC,teambuilder-match-140895204,1773547674901,MATCHED_GAME,16.5.752.7101
SG2_140898277,7,1773549551721,1727,1773551354173,CLASSIC,teambuilder-match-140898277,1773549626528,MATCHED_GAME,16.5.752.7101
SG2_140899037,3,1773549149213,938,1773550110938,CLASSIC,teambuilder-match-140899037,1773549172698,MATCHED_GAME,16.5.752.7101
SG2_140931399,6,1773561606687,2312,1773564003403,CLASSIC,teambuilder-match-140931399,1773561691139,MATCHED_GAME,16.5.752.7101
SG2_140949969,6,1773567871267,2286,1773570203572,CLASSIC,teambuilder-match-140949969,1773567917125,MATCHED_GAME,16.5.752.7101
SG2_140977000,23,1773576703785,2100,1773578896525,CLASSIC,teambuilder-match-140977000,1773576797279,MATCHED_GAME,16.5.752.7101
SG2_140988286,21,1773579427469,2255,1773581764956,CLASSIC,teambuilder-match-140988286,1773579510375,MATCHED_GAME,16.5.752.7101
SG2_141011498,23,1773585371061,2030,1773587491181,CLASSIC,teambuilder-match-141011498,1773585460665,MATCHED_GAME,16.5.752.7101
SG2_141034083,23,1773590627102,2417,1773593219944,CLASSIC,teambuilder-match-141034083,1773590802718,MATCHED_GAME,16.5.752.7101
SG2_141112871,6,1773644030656,1535,1773645685878,CLASSIC,teambuilder-match-141112871,1773644150914,MATCHED_GAME,16.5.752.7101
SG2_141117640,6,1773645951271,1822,1773647852226,CLASSIC,teambuilder-match-141117640,1773646030421,MATCHED_GAME,16.5.752.7101
SG2_141122837,6,1773648557082,2185,1773650829766,CLASSIC,teambuilder-match-141122837,1773648644456,MATCHED_GAME,16.5.752.7101
SG2_141163274,18,1773663982871,1740,1773665940738,CLASSIC,teambuilder-match-141163274,1773664200766,MATCHED_GAME,16.5.752.7101
SG2_141164386,23,1773664292250,1814,1773666204881,CLASSIC,teambuilder-match-141164386,1773664390969,MATCHED_GAME,16.5.752.7101
SG2_141173010,18,1773666402100,1844,1773668383070,CLASSIC,teambuilder-match-141173010,1773666538743,MATCHED_GAME,16.5.752.7101
SG2_141179317,3,1773668557526,1695,1773670282455,CLASSIC,teambuilder-match-141179317,1773668587107,MATCHED_GAME,16.5.752.7101
SG2_141181172,18,1773668711869,2012,1773670819140,CLASSIC,teambuilder-match-141181172,1773668807251,MATCHED_GAME,16.5.752.7101
SG2_141184674,4,1773669992750,2012,1773672037707,CLASSIC,teambuilder-match-141184674,1773670025253,MATCHED_GAME,16.5.752.7101
SG2_141190210,18,1773671119654,1999,1773673239426,CLASSIC,teambuilder-match-141190210,1773671240099,MATCHED_GAME,16.5.752.7101
SG2_141198169,3,1773672985723,1933,1773674946914,CLASSIC,teambuilder-match-141198169,1773673013837,MATCHED_GAME,16.5.752.7101
SG2_141199580,18,1773673654875,1675,1773675453232,CLASSIC,teambuilder-match-141199580,1773673778570,MATCHED_GAME,16.5.752.7101
SG2_141208575,18,1773675713297,1833,1773677677417,CLASSIC,teambuilder-match-141208575,1773675843956,MATCHED_GAME,16.5.752.7101
SG2_141217472,18,1773678022844,2039,1773680166615,CLASSIC,teambuilder-match-141217472,1773678127141,MATCHED_GAME,16.5.752.7101
SG2_141224691,23,1773680639034,2060,1773682772543,CLASSIC,teambuilder-match-141224691,1773680712692,MATCHED_GAME,16.5.752.7101
SG2_141308190,4,1773736936563,1776,1773738869573,CLASSIC,teambuilder-match-141308190,1773737093000,MATCHED_GAME,16.5.752.7101
SG2_141310936,4,1773739416077,1864,1773741361022,CLASSIC,teambuilder-match-141310936,1773739496729,MATCHED_GAME,16.5.752.7101
SG2_141342356,23,1773750878346,2788,1773753751028,CLASSIC,teambuilder-match-141342356,1773750963387,MATCHED_GAME,16.5.752.7101
SG2_141344747,18,1773751609424,2112,1773753910351,CLASSIC,teambuilder-match-141344747,1773751798918,MATCHED_GAME,16.5.752.7101
SG2_141356207,18,1773754390628,117,1773754601352,CLASSIC,teambuilder-match-141356207,1773754489034,MATCHED_GAME,16.5.752.7101
SG2_141356930,18,1773755117183,2217,1773757403525,CLASSIC,teambuilder-match-141356930,1773755185982,MATCHED_GAME,16.5.752.7101
SG2_141368627,18,1773757792240,2249,1773760125285,CLASSIC,teambuilder-match-141368627,1773757880107,MATCHED_GAME,16.5.752.7101
SG2_141521264,23,1773835987344,1935,1773837999148,CLASSIC,teambuilder-match-141521264,1773836064176,MATCHED_GAME,16.6.753.8272
SG2_141521953,5,1773836893979,1469,1773838501152,CLASSIC,teambuilder-match-141521953,1773837031623,MATCHED_GAME,16.6.753.8272
SG2_141531259,18,1773838566187,1214,1773839943482,CLASSIC,teambuilder-match-141531259,1773838729556,MATCHED_GAME,16.6.753.8272
SG2_141531496,3,1773838802825,2164,1773840990863,CLASSIC,teambuilder-match-141531496,1773838826647,MATCHED_GAME,16.6.753.8272
SG2_141533287,5,1773839549404,1422,1773841011675,CLASSIC,teambuilder-match-141533287,1773839589403,MATCHED_GAME,16.6.753.8272
SG2_141533973,18,1773840244371,1396,1773841807937,CLASSIC,teambuilder-match-141533973,1773840411788,MATCHED_GAME,16.6.753.8272
SG2_141538942,3,1773841316640,1202,1773842542408,CLASSIC,teambuilder-match-141538942,1773841340509,MATCHED_GAME,16.6.753.8272
SG2_141548719,3,1773843156706,1446,1773844635647,CLASSIC,teambuilder-match-141548719,1773843189540,MATCHED_GAME,16.6.753.8272
SG2_141556183,18,1773844498054,1517,1773846150281,CLASSIC,teambuilder-match-141556183,1773844632901,MATCHED_GAME,16.6.753.8272
SG2_141564662,18,1773846749181,1554,1773848415703,CLASSIC,teambuilder-match-141564662,1773846861492,MATCHED_GAME,16.6.753.8272
SG2_141577868,6,1773850797028,1769,1773852591312,CLASSIC,teambuilder-match-141577868,1773850824362,MATCHED_GAME,16.6.753.8272
SG2_141583687,8,1773851783699,1638,1773853439156,CLASSIC,teambuilder-match-141583687,1773851800672,MATCHED_GAME,16.6.753.8272
SG2_141587833,6,1773853274329,1511,1773854866695,CLASSIC,teambuilder-match-141587833,1773853355291,MATCHED_GAME,16.6.753.8272
SG2_141595381,6,1773855389308,1143,1773856600111,CLASSIC,teambuilder-match-141595381,1773855456603,MATCHED_GAME,16.6.753.8272
SG2_141612300,6,1773864282844,1734,1773866112349,CLASSIC,teambuilder-match-141612300,1773864378071,MATCHED_GAME,16.6.753.8272
SG2_141719207,18,1773924502291,1392,1773926092302,CLASSIC,teambuilder-match-141719207,1773924699806,MATCHED_GAME,16.6.753.8272
SG2_141724729,18,1773926393969,2247,1773928737124,CLASSIC,teambuilder-match-141724729,1773926490266,MATCHED_GAME,16.6.753.8272
SG2_141731231,3,1773927731787,1995,1773929746082,CLASSIC,teambuilder-match-141731231,1773927751144,MATCHED_GAME,16.6.753.8272
SG2_141734639,18,1773929019019,2199,1773931309656,CLASSIC,teambuilder-match-141734639,1773929110372,MATCHED_GAME,16.6.753.8272
SG2_141786470,8,1773942037754,1601,1773943725346,CLASSIC,teambuilder-match-141786470,1773942124663,MATCHED_GAME,16.6.755.2788
SG2_141790097,23,1773942980232,1365,1773944424310,CLASSIC,teambuilder-match-141790097,1773943059012,MATCHED_GAME,16.6.753.8272
SG2_141793004,8,1773944253294,2087,1773946413711,CLASSIC,teambuilder-match-141793004,1773944326158,MATCHED_GAME,16.6.755.2788
SG2_141804467,6,1773950971514,1736,1773952792081,CLASSIC,teambuilder-match-141804467,1773951056303,MATCHED_GAME,16.6.755.2788
SG2_141806913,6,1773956546284,1496,1773958124010,CLASSIC,teambuilder-match-141806913,1773956627438,MATCHED_GAME,16.6.755.2788
SG2_141807148,6,1773953451617,1855,1773955382748,CLASSIC,teambuilder-match-141807148,1773953527279,MATCHED_GAME,16.6.755.2788
SG2_141831113,3,1773977706248,1765,1773979502903,CLASSIC,teambuilder-match-141831113,1773977737353,MATCHED_GAME,16.6.755.2788
SG2_141837934,3,1773983241964,1632,1773984897220,CLASSIC,teambuilder-match-141837934,1773983264912,MATCHED_GAME,16.6.755.2788
SG2_141870946,15,1773995736349,2032,1773997788555,CLASSIC,teambuilder-match-141870946,1773995756067,MATCHED_GAME,16.6.755.2788
SG2_141913389,15,1774010294805,1843,1774012240504,CLASSIC,teambuilder-match-141913389,1774010397077,MATCHED_GAME,16.6.755.2788
SG2_141917200,18,1774011222976,1863,1774013250358,CLASSIC,teambuilder-match-141917200,1774011387710,MATCHED_GAME,16.6.755.2788
SG2_141921625,15,1774012863178,1880,1774014803389,CLASSIC,teambuilder-match-141921625,1774012923420,MATCHED_GAME,16.6.755.2788
SG2_141925805,20,1774014045023,2156,1774016347219,CLASSIC,teambuilder-match-141925805,1774014191412,MATCHED_GAME,16.6.755.2788
SG2_141928315,18,1774013930091,82,1774014121988,CLASSIC,teambuilder-match-141928315,1774014039800,MATCHED_GAME,16.6.755.2788
SG2_141928745,18,1774014387467,1898,1774016462406,CLASSIC,teambuilder-match-141928745,1774014564383,MATCHED_GAME,16.6.755.2788
SG2_141929643,8,1774014919960,2022,1774017040227,CLASSIC,teambuilder-match-141929643,1774015018082,MATCHED_GAME,16.6.755.2788
SG2_141937775,20,1774016926553,2445,1774019489513,CLASSIC,teambuilder-match-141937775,1774017044805,MATCHED_GAME,16.6.755.2788
SG2_141943231,23,1774017550236,107,1774017784641,CLASSIC,teambuilder-match-141943231,1774017677910,MATCHED_GAME,16.6.755.2788
SG2_141952507,23,1774019933270,1830,1774021841649,CLASSIC,teambuilder-match-141952507,1774020011528,MATCHED_GAME,16.6.755.2788
SG2_141955611,8,1774020746042,1432,1774022273843,CLASSIC,teambuilder-match-141955611,1774020841796,MATCHED_GAME,16.6.755.2788
SG2_141958177,20,1774021193766,1766,1774022995616,CLASSIC,teambuilder-match-141958177,1774021229490,MATCHED_GAME,16.6.755.2788
SG2_141958915,14,1774021921368,1142,1774023123649,CLASSIC,teambuilder-match-141958915,1774021981293,MATCHED_GAME,16.6.755.2788
SG2_141963606,8,1774022595917,1280,1774023974789,CLASSIC,teambuilder-match-141963606,1774022695074,MATCHED_GAME,16.6.755.2788
SG2_141965403,20,1774023353151,2221,1774025651132,CLASSIC,teambuilder-match-141965403,1774023430191,MATCHED_GAME,16.6.755.2788
SG2_141965512,14,1774023473354,1797,1774025313953,CLASSIC,teambuilder-match-141965512,1774023517124,MATCHED_GAME,16.6.755.2788
SG2_141970368,8,1774024473241,2348,1774026911086,CLASSIC,teambuilder-match-141970368,1774024563334,MATCHED_GAME,16.6.755.2788
SG2_141977274,13,1774026527613,1617,1774028305378,CLASSIC,teambuilder-match-141977274,1774026687927,MATCHED_GAME,16.6.755.2788
SG2_141985207,13,1774029009239,2056,1774031108007,CLASSIC,teambuilder-match-141985207,1774029052294,MATCHED_GAME,16.6.755.2788
SG2_141996175,15,1774032966770,2618,1774035607976,CLASSIC,teambuilder-match-141996175,1774032990257,MATCHED_GAME,16.6.755.2788
SG2_142004154,15,1774038214261,1564,1774039806146,CLASSIC,teambuilder-match-142004154,1774038242205,MATCHED_GAME,16.6.755.2788
SG2_142007243,15,1774041643983,2422,1774044102597,CLASSIC,teambuilder-match-142007243,1774041680067,MATCHED_GAME,16.6.755.2788
SG2_142022999,3,1774062041039,2492,1774064623571,CLASSIC,teambuilder-match-142022999,1774062131515,MATCHED_GAME,16.6.756.931
SG2_142062708,20,1774078977125,1815,1774080829896,CLASSIC,teambuilder-match-142062708,1774079014881,MATCHED_GAME,16.6.756.931
SG2_142073846,15,1774083129983,1627,1774084775306,CLASSIC,teambuilder-match-142073846,1774083148155,MATCHED_GAME,16.6.756.931
SG2_142082523,8,1774085812086,1565,1774087467407,CLASSIC,teambuilder-match-142082523,1774085901856,MATCHED_GAME,16.6.756.931
SG2_142087902,8,1774087790538,916,1774088795724,CLASSIC,teambuilder-match-142087902,1774087879618,MATCHED_GAME,16.6.756.931
SG2_142095673,8,1774090414979,2282,1774092789494,CLASSIC,teambuilder-match-142095673,1774090507743,MATCHED_GAME,16.6.756.931
SG2_142123157,3,1774098942026,2003,1774100974456,CLASSIC,teambuilder-match-142123157,1774098971058,MATCHED_GAME,16.6.756.931
SG2_142124291,15,1774099499130,1314,1774100834491,CLASSIC,teambuilder-match-142124291,1774099519915,MATCHED_GAME,16.6.756.931
SG2_142134461,15,1774102312535,2143,1774104472255,CLASSIC,teambuilder-match-142134461,1774102329625,MATCHED_GAME,16.6.756.931
SG2_142141398,20,1774104041097,2229,1774106317072,CLASSIC,teambuilder-match-142141398,1774104087641,MATCHED_GAME,16.6.756.931
SG2_142151733,20,1774106679861,1780,1774108549116,CLASSIC,teambuilder-match-142151733,1774106770129,MATCHED_GAME,16.6.756.931
SG2_142160792,20,1774108823997,2070,1774111138575,CLASSIC,teambuilder-match-142160792,1774109068008,MATCHED_GAME,16.6.756.931
SG2_142169964,20,1774111469465,1392,1774112890315,CLASSIC,teambuilder-match-142169964,1774111498156,MATCHED_GAME,16.6.756.931
SG2_142173106,13,1774111642916,1687,1774113348535,CLASSIC,teambuilder-match-142173106,1774111661070,MATCHED_GAME,16.6.756.931
SG2_142173806,8,1774112430399,1873,1774114401047,CLASSIC,teambuilder-match-142173806,1774112527843,MATCHED_GAME,16.6.756.931
SG2_142174391,15,1774112196170,2408,1774114633130,CLASSIC,teambuilder-match-142174391,1774112225172,MATCHED_GAME,16.6.756.931
SG2_142183630,23,1774115333421,1637,1774117058929,CLASSIC,teambuilder-match-142183630,1774115422107,MATCHED_GAME,16.6.756.931
SG2_142184262,8,1774115075638,839,1774115993345,CLASSIC,teambuilder-match-142184262,1774115154155,MATCHED_GAME,16.6.756.931
SG2_142186736,13,1774116740906,1377,1774118137189,CLASSIC,teambuilder-match-142186736,1774116761583,MATCHED_GAME,16.6.756.931
SG2_142189262,8,1774117109312,1600,1774118749643,CLASSIC,teambuilder-match-142189262,1774117149132,MATCHED_GAME,16.6.756.931
SG2_142190211,15,1774117612072,1793,1774119494068,CLASSIC,teambuilder-match-142190211,1774117700720,MATCHED_GAME,16.6.756.931
SG2_142195122,8,1774119726238,976,1774120786871,CLASSIC,teambuilder-match-142195122,1774119811184,MATCHED_GAME,16.6.756.931
SG2_142195739,8,1774121176749,761,1774121969942,CLASSIC,teambuilder-match-142195739,1774121208876,MATCHED_GAME,16.6.756.931
SG2_142242912,14,1774158725343,1763,1774160510769,CLASSIC,teambuilder-match-142242912,1774158747859,MATCHED_GAME,16.6.756.931
SG2_142243013,13,1774157588953,1835,1774159519125,CLASSIC,teambuilder-match-142243013,1774157684402,MATCHED_GAME,16.6.756.931
SG2_142246687,13,1774159989769,1544,1774161642815,CLASSIC,teambuilder-match-142246687,1774160098573,MATCHED_GAME,16.6.756.931
SG2_142248891,20,1774160584589,2325,1774163010626,CLASSIC,teambuilder-match-142248891,1774160685113,MATCHED_GAME,16.6.756.931
SG2_142251337,14,1774161097533,1586,1774162708013,CLASSIC,teambuilder-match-142251337,1774161121595,MATCHED_GAME,16.6.756.931
SG2_142252724,3,1774161793421,1390,1774163251911,CLASSIC,teambuilder-match-142252724,1774161861732,MATCHED_GAME,16.6.756.931
SG2_142255236,13,1774162416470,1303,1774163818691,CLASSIC,teambuilder-match-142255236,1774162515536,MATCHED_GAME,16.6.756.931
SG2_142260722,13,1774164588382,1412,1774166030366,CLASSIC,teambuilder-match-142260722,1774164617744,MATCHED_GAME,16.6.756.931
SG2_142261118,14,1774164321101,1440,1774165778884,CLASSIC,teambuilder-match-142261118,1774164338625,MATCHED_GAME,16.6.756.931
SG2_142261161,20,1774164406436,1771,1774166219511,CLASSIC,teambuilder-match-142261161,1774164448209,MATCHED_GAME,16.6.756.931
SG2_142261766,8,1774165144976,1961,1774167221339,CLASSIC,teambuilder-match-142261766,1774165260489,MATCHED_GAME,16.6.756.931
SG2_142270385,14,1774167536972,1282,1774168838480,CLASSIC,teambuilder-match-142270385,1774167556398,MATCHED_GAME,16.6.756.931
SG2_142274910,13,1774169512086,1421,1774170949074,CLASSIC,teambuilder-match-142274910,1774169527638,MATCHED_GAME,16.6.756.931
SG2_142284023,13,1774171510390,1870,1774173459655,CLASSIC,teambuilder-match-142284023,1774171589978,MATCHED_GAME,16.6.756.931
SG2_142287814,13,1774173700295,1851,1774175568334,CLASSIC,teambuilder-match-142287814,1774173716873,MATCHED_GAME,16.6.756.931
SG2_142295748,13,1774176280819,1454,1774177783106,CLASSIC,teambuilder-match-142295748,1774176328796,MATCHED_GAME,16.6.756.931
SG2_142303307,13,1774178387918,979,1774179397330,CLASSIC,teambuilder-match-142303307,1774178418033,MATCHED_GAME,16.6.756.931
SG2_142306750,13,1774179868478,1404,1774181308627,CLASSIC,teambuilder-match-142306750,1774179904946,MATCHED_GAME,16.6.756.931
SG2_142312483,13,1774181633359,2211,1774183887679,CLASSIC,teambuilder-match-142312483,1774181676827,MATCHED_GAME,16.6.756.931
SG2_142314931,4,1774182526573,1440,1774184028736,CLASSIC,teambuilder-match-142314931,1774182588294,MATCHED_GAME,16.6.756.931
SG2_142320501,20,1774183966937,1155,1774185157034,CLASSIC,teambuilder-match-142320501,1774184002332,MATCHED_GAME,16.6.756.931
SG2_142322307,18,1774184155671,100,1774184415210,CLASSIC,teambuilder-match-142322307,1774184315511,MATCHED_GAME,16.6.756.931
SG2_142323083,23,1774184324937,84,1774184487542,CLASSIC,teambuilder-match-142323083,1774184403028,MATCHED_GAME,16.6.756.931
SG2_142323496,18,1774184744332,2648,1774187497745,CLASSIC,teambuilder-match-142323496,1774184849301,MATCHED_GAME,16.6.756.931
SG2_142324388,13,1774184990960,1522,1774186563028,CLASSIC,teambuilder-match-142324388,1774185041082,MATCHED_GAME,16.6.756.931
SG2_142325471,20,1774185375223,1836,1774187242294,CLASSIC,teambuilder-match-142325471,1774185406441,MATCHED_GAME,16.6.756.931
SG2_142331342,13,1774186733434,1519,1774188274398,CLASSIC,teambuilder-match-142331342,1774186755510,MATCHED_GAME,16.6.756.931
SG2_142332714,20,1774187486733,1934,1774189483876,CLASSIC,teambuilder-match-142332714,1774187550166,MATCHED_GAME,16.6.756.931
SG2_142342604,20,1774189703537,3007,1774192795146,CLASSIC,teambuilder-match-142342604,1774189788514,MATCHED_GAME,16.6.756.931
SG2_98443971,9,1758514943141,1826,1758517014161,CLASSIC,teambuilder-match-98443971,1758515187900,MATCHED_GAME,15.18.710.2811
